Cumulative Return (%),Annualized Return (%),Annualized Volatility (%),Annualized Sharpe Ratio,Maximum Drawdown (%),IC (Spearman),ICIR (Spearman),IC (Pearson),ICIR (Pearson),Precision@5,Eval Loss (RankLoss)
40.661513805389404,8.391562159790977,18.79952705572952,0.21764174864719515,-25.40893031664597,0.062029468333440224,0.37953310963455134,0.06273417246629068,0.3956916412387707,0.44329896907216493,
