Cumulative Return (%),Annualized Return (%),Annualized Volatility (%),Annualized Sharpe Ratio,Maximum Drawdown (%),IC (Spearman),ICIR (Spearman),IC (Pearson),ICIR (Pearson),Precision@5,Eval Loss (RankLoss)
62.77350187301636,12.194362397517011,21.27310542309833,0.37109589170979357,-33.92456108655353,0.08723915418277206,0.41404818554748896,0.08834707224969293,0.4311264661715932,0.46860356138706655,
