Cumulative Return (%),Annualized Return (%),Annualized Volatility (%),Annualized Sharpe Ratio,Maximum Drawdown (%),IC (Spearman),ICIR (Spearman),IC (Pearson),ICIR (Pearson),Precision@5,Eval Loss (RankLoss)
148.6605405807495,24.003209550294425,20.584240415890033,0.957198720720624,-40.89719612232382,0.1649339920194745,0.7207079334990858,0.07803975230038011,0.6387623830393492,0.474601686972821,
