,Annualized Return (%),Annualized Sharpe Ratio,Annualized Volatility (%),Cumulative Return (%),Maximum Drawdown (%)
S&P500 (Buy & Hold),8.53261388743205,0.24111658784187898,17.554220073366142,26.93351908656434,-25.425096066387937
